{
	"concerto": {
		"1": {
			"mean": 27.912042951545462,
			"sd": 0.5016615284183177,
			"min": 27.03438632800004,
			"max": 28.529384194000045,
			"values": [
				27.03438632800004,
				27.46680893200005,
				27.486087594000026,
				27.548840267000003,
				27.594230960999994,
				28.03024197299999,
				28.28629648499998,
				28.292611183999952,
				28.302856117000033,
				28.460728431999996,
				28.529384194000045
			],
			"discarded_values": [
				29.292248760000007,
				30.095860588999983
			]
		},
		"5": {
			"mean": 31.455837460749997,
			"sd": 0.6413575245432955,
			"min": 30.663318742,
			"max": 32.680473406999965,
			"values": [
				30.663318742,
				31.015777489000016,
				31.044331392999993,
				31.085159019999992,
				31.54977433199997,
				31.803857798000024,
				31.804007505000015,
				32.680473406999965
			],
			"discarded_values": [
				30.08547466899995,
				33.23917194400008,
				34.77277249500003
			]
		},
		"10": {
			"mean": 35.325490552625,
			"sd": 0.6134497543334251,
			"min": 34.75544904200001,
			"max": 36.151963475,
			"values": [
				34.75544904200001,
				34.765631428000006,
				34.78104423000002,
				34.83833656599995,
				35.468585518,
				35.766170293000016,
				36.07674386899998,
				36.151963475
			],
			"discarded_values": [
				34.403402934999974,
				34.476230482999995
			]
		},
		"20": {
			"mean": 47.400016979400014,
			"sd": 1.173574344795843,
			"min": 45.65740069000003,
			"max": 48.64016403199997,
			"values": [
				45.65740069000003,
				46.818703310000046,
				47.874039254000024,
				48.009777611000004,
				48.64016403199997
			],
			"discarded_values": [
				43.35247867600003,
				52.99178089600002,
				57.08527659099997
			]
		}
	},
	"aeolus": {
		"1": {
			"mean": 28.8604236225,
			"sd": 0.21063289147390502,
			"min": 28.422801171999993,
			"max": 29.073189087999992,
			"values": [
				28.422801171999993,
				28.724342443000012,
				28.808486297,
				28.894552514999987,
				28.94186481700001,
				28.99215476500001,
				29.025997883000002,
				29.073189087999992
			],
			"discarded_values": [
				28.008995438,
				28.152408053999977,
				29.53619924900005
			]
		},
		"5": {
			"mean": 31.851511206777772,
			"sd": 0.516173529978073,
			"min": 31.208724228999984,
			"max": 32.60611895300002,
			"values": [
				31.208724228999984,
				31.236193557999968,
				31.476903058999994,
				31.67289499399999,
				31.756982291000043,
				31.968424829000014,
				32.22639176199999,
				32.51096718599996,
				32.60611895300002
			],
			"discarded_values": [
				35.10607928100001,
				35.4741262
			]
		},
		"10": {
			"mean": 35.10004646762499,
			"sd": 0.6945316574942018,
			"min": 33.970110395999995,
			"max": 35.80766555600002,
			"values": [
				33.970110395999995,
				34.351077315000055,
				34.817075329999966,
				34.92028164199996,
				35.546083324999984,
				35.591099619999966,
				35.79697855699999,
				35.80766555600002
			],
			"discarded_values": [
				33.192803620999996,
				36.33486056099997,
				36.41013953099997,
				41.93780845700002
			]
		},
		"20": {
			"mean": 50.058711101000014,
			"sd": 2.3849213532507942,
			"min": 47.11455336099999,
			"max": 52.19536183500003,
			"values": [
				47.11455336099999,
				49.13880025000003,
				51.786128958000006,
				52.19536183500003
			],
			"discarded_values": [
				54.16777604399999
			]
		}
	},
	"ansible": {
		"1": {
			"mean": 29.514402430399997,
			"sd": 0.6455205197465435,
			"min": 28.494947540999988,
			"max": 30.568672522000043,
			"values": [
				28.494947540999988,
				28.763504915,
				29.056497457000035,
				29.316231933999973,
				29.375161359000003,
				29.518151913999986,
				29.971474119999982,
				29.98255988699998,
				30.096822654999983,
				30.568672522000043
			],
			"discarded_values": [
				26.825427814000022,
				27.552194525999994,
				32.629976747
			]
		},
		"5": {
			"mean": 36.463901207333336,
			"sd": 2.1677643073452098,
			"min": 33.84803861500001,
			"max": 39.07653612199999,
			"values": [
				33.84803861500001,
				34.060266746000025,
				34.13271371000002,
				35.01824352299997,
				37.34896834700004,
				37.829747741000006,
				38.083249766999984,
				38.77734629499997,
				39.07653612199999
			],
			"discarded_values": [
				32.30748331199999,
				32.58645082200002
			]
		},
		"10": {
			"mean": 39.52999041609092,
			"sd": 2.7236440329304945,
			"min": 36.707265473999996,
			"max": 43.92895004300004,
			"values": [
				36.707265473999996,
				36.93387888400002,
				36.99151102900004,
				37.693061763,
				38.151765227,
				38.20314376800002,
				39.30552599800001,
				40.799904106999975,
				42.83742665700004,
				43.27746162699998,
				43.92895004300004
			],
			"discarded_values": [
				35.38644866999999
			]
		},
		"20": {
			"mean": 50.22575265750001,
			"sd": 3.1554960186025376,
			"min": 44.41853409499993,
			"max": 53.62721037800003,
			"values": [
				44.41853409499993,
				46.45893289000003,
				48.16530351199998,
				49.48989108400002,
				50.24132375000005,
				50.63613634500001,
				52.32818626799997,
				53.35685090800007,
				53.535157345000016,
				53.62721037800003
			],
			"discarded_values": [
				42.389844348999986
			]
		}
	},
	"predicted-aeolus": {
		"1": {
			"sd": 0.0,
			"min": 26.817400499999962,
			"max": 31.340209181000034,
			"median": 28.9518107735,
			"values": [
				28.83208585062499
			],
			"mean": 28.83208585062499,
			"discarded_values": []
		},
		"5": {
			"sd": 0.0,
			"min": 26.295073836000086,
			"max": 37.36456207899991,
			"median": 29.909751634000003,
			"values": [
				30.24165554524444
			],
			"mean": 30.24165554524444,
			"discarded_values": []
		},
		"10": {
			"sd": 0.0,
			"min": 25.503020061,
			"max": 44.43461692000008,
			"median": 32.02756693749994,
			"values": [
				32.53765052228749
			],
			"mean": 32.53765052228749,
			"discarded_values": []
		},
		"20": {
			"sd": 0.0,
			"min": 35.69255228200001,
			"max": 61.74800218100003,
			"median": 46.33537480399998,
			"values": [
				47.18778241342498
			],
			"mean": 47.18778241342498,
			"discarded_values": []
		}
	},
	"predicted-concerto": {
		"1": {
			"sd": 0.0,
			"min": 25.966721880999955,
			"max": 29.308696403,
			"median": 27.814257063500037,
			"values": [
				27.634678534499987
			],
			"mean": 27.634678534499987,
			"discarded_values": []
		},
		"5": {
			"sd": 0.0,
			"min": 25.682030860000054,
			"max": 36.22682066199994,
			"median": 29.081687239000047,
			"values": [
				29.393865780488888
			],
			"mean": 29.393865780488888,
			"discarded_values": []
		},
		"10": {
			"sd": 0.0,
			"min": 24.91350833000004,
			"max": 42.63193927200004,
			"median": 31.056163485499965,
			"values": [
				31.524003377225
			],
			"mean": 31.524003377225,
			"discarded_values": []
		},
		"20": {
			"sd": 0.0,
			"min": 34.59875394499994,
			"max": 57.66191657499999,
			"median": 44.689502338,
			"values": [
				45.3516243386875
			],
			"mean": 45.3516243386875,
			"discarded_values": []
		}
	}
}
