{
	"concerto": {
		"3": {
			"mean": 31.273696799375003,
			"sd": 0.7792777282899699,
			"min": 30.349860826999986,
			"max": 33.132448521000015,
			"values": [
				30.349860826999986,
				30.382165609000026,
				30.43841261299997,
				30.56882289400005,
				30.573369083999978,
				30.57944624099997,
				30.605668118999972,
				30.654400179999982,
				30.711985674999994,
				30.715674800999977,
				30.752905972999997,
				30.78647054800001,
				30.813145254000005,
				30.873621479000008,
				30.899307239999985,
				30.905187893999994,
				30.964697634999993,
				31.012893598999995,
				31.16440813500003,
				31.179453789000036,
				31.35717465099998,
				31.542118738,
				31.866826886000013,
				31.984007409000014,
				31.98983358999999,
				32.026370154000006,
				32.03759648100004,
				32.21615784599999,
				32.29783114500003,
				32.355222473000026,
				33.020812096999975,
				33.132448521000015
			],
			"discarded_values": [
				30.13154394199995,
				30.162000017000025,
				30.200370082999996,
				33.76223072700003,
				34.23379689699999,
				34.376264417000016,
				35.17938044799996,
				35.81529704099995,
				36.18911646899994,
				43.23011159999999
			]
		},
		"5": {
			"mean": 35.64090597718183,
			"sd": 2.1745788067517346,
			"min": 33.25777265100004,
			"max": 38.85184416200002,
			"values": [
				33.25777265100004,
				33.531541085000015,
				33.62077253699999,
				33.893047088,
				34.164231984000025,
				34.46803298399999,
				36.77283674900002,
				37.52484425800003,
				37.558197861,
				38.40684439,
				38.85184416200002
			],
			"discarded_values": [
				32.879841383999974
			]
		},
		"10": {
			"mean": 40.2585429497,
			"sd": 2.5979860097918257,
			"min": 36.79705317700001,
			"max": 43.92178133700003,
			"values": [
				36.79705317700001,
				37.610062916000004,
				38.39628506299999,
				38.397109174000036,
				38.722486065,
				40.43442856299998,
				42.62220516999997,
				42.653238278,
				43.03077975399998,
				43.92178133700003
			],
			"discarded_values": [
				48.345300506
			]
		},
		"20": {
			"mean": 48.87316949583331,
			"sd": 2.9053637137750856,
			"min": 45.78119336499998,
			"max": 53.20294248899995,
			"values": [
				45.78119336499998,
				46.34999743100002,
				47.27818811399999,
				49.665331168999955,
				50.96136440699996,
				53.20294248899995
			],
			"discarded_values": [
				58.92457763099998
			]
		}
	},
	"aeolus": {
		"3": {
			"mean": 31.40880603168749,
			"sd": 0.648257485179317,
			"min": 30.433490712000037,
			"max": 32.85497205099995,
			"values": [
				30.433490712000037,
				30.439906275999988,
				30.542704291000007,
				30.664590325999995,
				30.702730757999973,
				30.703355983999984,
				30.731944949000024,
				30.899087998000027,
				30.91572953299999,
				30.95245083200001,
				31.037777645000006,
				31.118946492999953,
				31.12522514799997,
				31.13658451599997,
				31.176924401999997,
				31.284599978000017,
				31.28718711900001,
				31.382458610000015,
				31.480230420999987,
				31.652270541999997,
				31.697159737999982,
				31.82654741099998,
				31.859926863,
				31.960244979000038,
				32.00528960899999,
				32.020412989999954,
				32.06601929499999,
				32.090129569,
				32.24423505699997,
				32.295624040999996,
				32.493034877999946,
				32.85497205099995
			],
			"discarded_values": [
				35.634336706,
				36.92438420100001,
				40.767504625000015,
				41.28167317200001,
				42.976404693999996,
				43.00648331399998,
				43.11695037300001
			]
		},
		"5": {
			"mean": 38.95920694663635,
			"sd": 4.8502467235943545,
			"min": 33.486217495000005,
			"max": 45.70234354899998,
			"values": [
				33.486217495000005,
				33.745646599999986,
				34.08942217800001,
				34.30737893700001,
				37.145208767999975,
				39.16916618799996,
				39.172348118,
				41.32048859599996,
				44.834966382000005,
				45.57808960199998,
				45.70234354899998
			],
			"discarded_values": []
		},
		"10": {
			"mean": 42.348044690833326,
			"sd": 1.4478130776253046,
			"min": 39.568662743999994,
			"max": 43.489963929,
			"values": [
				39.568662743999994,
				42.18017380499998,
				42.55821701799999,
				42.91405761300001,
				43.377193035999994,
				43.489963929
			],
			"discarded_values": [
				36.164917763999995,
				36.83249629799997,
				44.235717023999996,
				50.72615979
			]
		},
		"20": {
			"mean": 53.14246826199999,
			"sd": 1.6299584021054356,
			"min": 51.157690806999994,
			"max": 54.95600204999994,
			"values": [
				51.157690806999994,
				51.964538506,
				53.07504478100003,
				54.55906516599998,
				54.95600204999994
			],
			"discarded_values": [
				43.76387378099997,
				58.00110853499996
			]
		}
	},
	"ansible": {
		"3": {
			"mean": 46.042168227081085,
			"sd": 2.8098676262946003,
			"min": 43.353449642999976,
			"max": 54.861663968000016,
			"values": [
				43.353449642999976,
				43.394725085999994,
				43.40759406000001,
				43.56436512000005,
				43.58990836700002,
				43.99506014299999,
				44.00241885500003,
				44.102919344999975,
				44.260968667999975,
				44.31393334899997,
				44.43315432899999,
				44.65227314599997,
				44.738828446000014,
				44.87472746499998,
				45.098615352000024,
				45.181694360999984,
				45.217374887000005,
				45.29657360199997,
				45.30692695100004,
				45.316138884,
				45.31954866900003,
				45.48801429500003,
				45.52733027900001,
				45.59757629799998,
				45.63527300700002,
				45.922983122999995,
				45.95786284100001,
				46.329809350999994,
				46.699825385999986,
				47.17549590200002,
				47.17996842000002,
				47.499643037000055,
				49.18424744599997,
				51.21755378199998,
				51.33948203299997,
				54.522296505999975,
				54.861663968000016
			],
			"discarded_values": [
				43.13129524699997,
				43.23808173399999,
				55.07844198599997,
				55.745805355000016,
				56.15812319600002,
				56.330715448000035,
				56.38472549300002,
				57.37418489000004,
				58.093050826999956,
				58.12233236899999
			]
		},
		"5": {
			"mean": 50.72517584836363,
			"sd": 2.98320629301779,
			"min": 46.37631909099997,
			"max": 55.239033952,
			"values": [
				46.37631909099997,
				46.776142891999996,
				48.04987811199999,
				48.97168866499999,
				49.33437146,
				51.154611020999994,
				52.609956194999995,
				52.758713693000004,
				52.990870194000024,
				53.71534905699997,
				55.239033952
			],
			"discarded_values": [
				44.591264551999984
			]
		},
		"10": {
			"mean": 57.30117345040001,
			"sd": 2.946210967980006,
			"min": 54.583864377,
			"max": 61.83777381800002,
			"values": [
				54.583864377,
				55.453072022000015,
				56.023249056,
				58.607907979000004,
				61.83777381800002
			],
			"discarded_values": [
				50.707697232999976,
				65.28696301600002
			]
		},
		"20": {
			"mean": 68.72927110822224,
			"sd": 2.941197788179771,
			"min": 64.58084769700002,
			"max": 72.32291428900004,
			"values": [
				64.58084769700002,
				65.07464231,
				66.34460909699999,
				67.816477969,
				68.95573670799996,
				70.33202815800001,
				71.08465214,
				72.05153160600003,
				72.32291428900004
			],
			"discarded_values": []
		}
	}
}